﻿<?xml version="1.0" encoding="UTF-8"?><d>
<fond><data><![CDATA[images/fond-white.png]]></data></fond>
<fond2><data><![CDATA[images/fond-white.png]]></data></fond2>
<title><n>2</n><data><![CDATA[]]></data></title>
<transition><data><![CDATA[Direct]]></data></transition>
<messagefalse><data><![CDATA[Réponse incorrecte !]]></data></messagefalse>
<scriptdiapo><data><![CDATA[]]></data></scriptdiapo>
<scriptloop><data><![CDATA[]]></data></scriptloop>
<nbpages><data>4</data></nbpages>
<domainesliste><data><![CDATA[General||||||||||||||||||||]]></data></domainesliste>
<bq><d></d></bq>
<param><d><![CDATA[central ]]></d></param>
<pq><d>1</d></pq>
<pddf><ddf>0</ddf></pddf>
<swt><d>0</d></swt>
<progsave><d></d><cp></cp></progsave>
<cadre><data>0</data></cadre>
<header><data>0</data></header>
<footer><data>0</data></footer>
<tunik><d>0</d></tunik>
<bloc>
<type>bilanresult</type>
<fts>14</fts><fts2>14</fts2>
<ids></ids><st></st><x>421</x><y>221</y><w>100</w><h>100</h><x2>188</x2><y2>168</y2><w2>100</w2><h2>100</h2><o>0</o><o2>0</o2><acl>0</acl><pp>0</pp><an>0</an><de>0</de><di>0</di><dedi>0</dedi><domaine>0</domaine>
<text><![CDATA[General||||||||||||||||||||]]></text>
<data><![CDATA[#D8BFD8;#AFEEEE;#FFE4C4;#90EE90;#DEB887;#FFFFE0;#FFFFE0;#FFFFE0;#FFFFE0;#FFFFE0;#FFFFE0;#FFFFE0;#FFFFE0;#FFFFE0;#FFFFE0;#FFFFE0;#FFFFE0;#FFFFE0;#FFFFE0;#FFFFE0;#FFFFE0;#FFFFE0;#FFFFE0;#FFFFE0;#FFFFE0;#FFFFE0;#FFFFE0;#FFFFE0;#FFFFE0;#FFFFE0;#FFFFE0;#FFFFE0;#FFFFE0;#FFFFE0;#FFFFE0;#FFFFE0;#FFFFE0;]]></data>
<src>1</src>
<border>1</border>
<note>0</note>
<contenu2><![CDATA[images/bilan.png]]></contenu2>
<contenu3><![CDATA[Resume du parcours]]></contenu3>
<contenu4>1</contenu4>
<field1>rt3rnt4rt7ry5hdt5rmt6rt3rny1hlt6rvt3ry5hfr</field1>
<contenu5></contenu5>
<contenu6>0</contenu6>
<contenu7><![CDATA[{learnerName} a un score de {note} le {date} a {hour}]]></contenu7>
<contenu8>0</contenu8>
<o7>1</o7>
<selectcolor>1</selectcolor>
<ind>1</ind>
</bloc>
<bloc><type>text</type><fts>18</fts><fts2>18</fts2>
<ids></ids><st></st><x>273</x><y>346</y><w>395</w><h>31</h><x2>42</x2><y2>327</y2><w2>395</w2><h2>31</h2><o>0</o><o2>0</o2><acl>0</acl><pp>0</pp><an>1</an><de>0</de><di>0</di><dedi>0</dedi><text><![CDATA[<p>Score :</p>]]></text><contentpath></contentpath><contentpathsecond></contentpathsecond><color>#000000</color><align>LeftCenter</align>
<css>border: solid 0px #808080;</css><ind>3</ind></bloc><bloc><type>finalprogressbar</type>
<ids></ids><st></st><x>274</x><y>378</y><w>395</w><h>46</h><x2>42</x2><y2>360</y2><w2>395</w2><h2>46</h2><o>0</o><o2>0</o2><acl>0</acl><pp>0</pp><an>1</an><de>0</de><di>0</di><dedi>0</dedi><domaine>0</domaine>
<color>#696969</color>
<css>border: solid 0px #808080;</css>
<ind>1</ind>
</bloc>
<bloc><type>button</type>
<fts>11</fts><fts2>11</fts2>
<ids></ids><st><![CDATA[ onMouseDown="sendLMSFinish();" ]]></st><x>718</x><y>650</y><w>194</w><h>34</h><x2>143</x2><y2>590</y2><w2>194</w2><h2>34</h2><o>0</o><o2>0</o2><acl>0</acl><pp>0</pp><cssadd>cursor:pointer;</cssadd><boite>neoCssGray</boite><an>11</an><de>1000</de><di>0</di><dedi>0</dedi><domaine>0</domaine>
<text><![CDATA[sendLMSFinish]]></text>
<contenu5>1</contenu5>
<color>#000000</color>
<ind>3</ind>
</bloc>
</d>