﻿<?xml version="1.0" encoding="UTF-8"?><d>
<fond><data><![CDATA[images/fond-white.png]]></data></fond>
<fond2><data><![CDATA[images/fond-white.png]]></data></fond2>
<title><n>4</n><data><![CDATA[]]></data></title>
<transition><data><![CDATA[Direct]]></data></transition>
<messagefalse><data><![CDATA[Réponse incorrecte !]]></data></messagefalse>
<scriptdiapo><data><![CDATA[]]></data></scriptdiapo>
<scriptloop><data><![CDATA[]]></data></scriptloop>
<nbpages><data>4</data></nbpages>
<domainesliste><data><![CDATA[General||||||||||||||||||||]]></data></domainesliste>
<bq><d></d></bq>
<param><d><![CDATA[central ]]></d></param>
<pq><d>1</d></pq>
<pddf><ddf>0</ddf></pddf>
<swt><d>0</d></swt>
<progsave><d></d><cp></cp></progsave>
<cadre><data>0</data></cadre>
<header><data>0</data></header>
<footer><data>0</data></footer>
<tunik><d>0</d></tunik>
<bloc><type>text</type><fts>18</fts><fts2>18</fts2>
<ids></ids><st></st><x>50</x><y>50</y><w>862</w><h>622</h><x2>-191</x2><y2>50</y2><w2>862</w2><h2>622</h2><o>0</o><o2>0</o2><acl>0</acl><pp>0</pp><cssadd>border-radius: 20px;</cssadd><an>1</an><de>0</de><di>0</di><dedi>0</dedi><text><![CDATA[<p>...</p>]]></text><contentpath></contentpath><contentpathsecond></contentpathsecond><color>SlateGray</color><align>Center</align>
<css>border: solid 1px SlateGray;</css><ind>1</ind></bloc></d>