﻿<?xml version="1.0" encoding="UTF-8"?><d>
<fond><data><![CDATA[images/fond-white.png]]></data></fond>
<fond2><data><![CDATA[images/fond-white.png]]></data></fond2>
<title><n>0</n><data><![CDATA[]]></data></title>
<transition><data><![CDATA[Direct]]></data></transition>
<messagefalse><data><![CDATA[Réponse incorrecte !]]></data></messagefalse>
<scriptdiapo><data><![CDATA[]]></data></scriptdiapo>
<scriptloop><data><![CDATA[]]></data></scriptloop>
<nbpages><data>4</data></nbpages>
<domainesliste><data><![CDATA[General||||||||||||||||||||]]></data></domainesliste>
<bq><d></d></bq>
<param><d><![CDATA[central ]]></d></param>
<pq><d>1</d></pq>
<pddf><ddf>0</ddf></pddf>
<swt><d>0</d></swt>
<progsave><d></d><cp></cp></progsave>
<cadre><data>0</data></cadre>
<header><data>0</data></header>
<footer><data>0</data></footer>
<tunik><d>0</d></tunik>
<bloc><type>img</type>
<src>images/82puzzle.png</src>
<ids></ids><st></st><x>61</x><y>218</y><w>369</w><h>450</h><x2>84</x2><y2>170</y2><w2>292</w2><h2>356</h2><o>0</o><o2>0</o2><acl>0</acl><pp>0</pp><an>4</an><de>1000</de><di>0</di><dedi>0</dedi>
<cssadd></cssadd>
<ind>1</ind>
<field1></field1>
<field2></field2>
<contenu7></contenu7>
</bloc>
<bloc><type>text</type><fts>36</fts><fts2>31</fts2>
<ids></ids><st></st><x>186</x><y>60</y><w>594</w><h>120</h><x2>-3</x2><y2>72</y2><w2>486</w2><h2>90</h2><o>0</o><o2>0</o2><acl>0</acl><pp>0</pp><an>1</an><de>0</de><di>0</di><dedi>0</dedi><text><![CDATA[<p>SCORM Packages Examples</p>]]></text><contentpath></contentpath><contentpathsecond></contentpathsecond><color>#000000</color><align>Center</align>
<css>border: solid 0px #808080;</css><ind>1</ind></bloc><bloc>
<type>btncirculaire</type>
<url>data/page1.xml</url>
<fontsize>10</fontsize>
<ids></ids><st></st><x>798</x><y>574</y><w>100</w><h>100</h><x2>194</x2><y2>646</y2><w2>100</w2><h2>100</h2><o>0</o><o2>0</o2><acl>0</acl><pp>0</pp><boite>gray</boite><an>1</an><de>0</de><di>0</di><dedi>0</dedi><domaine>0</domaine>
<text><![CDATA[next]]></text><ind>3</ind>
</bloc>
</d>