﻿<?xml version="1.0" encoding="UTF-8"?><d>
<fond><data><![CDATA[images/fond-white.png]]></data></fond>
<fond2><data><![CDATA[images/fond-white.png]]></data></fond2>
<title><n>1</n><data><![CDATA[]]></data></title>
<transition><data><![CDATA[Direct]]></data></transition>
<messagefalse><data><![CDATA[Réponse incorrecte !]]></data></messagefalse>
<scriptdiapo><data><![CDATA[]]></data></scriptdiapo>
<scriptloop><data><![CDATA[]]></data></scriptloop>
<nbpages><data>4</data></nbpages>
<domainesliste><data><![CDATA[General||||||||||||||||||||]]></data></domainesliste>
<bq><d></d></bq>
<param><d><![CDATA[central ]]></d></param>
<pq><d>1</d></pq>
<pddf><ddf>0</ddf></pddf>
<swt><d>0</d></swt>
<progsave><d></d><cp></cp></progsave>
<cadre><data>0</data></cadre>
<header><data>0</data></header>
<footer><data>0</data></footer>
<tunik><d>0</d></tunik>
<bloc><type>qcm</type>
<theme>barre</theme>
<fts>17</fts><fts2>17</fts2>
<note>1</note>
<negnote>0</negnote>
<remarque><![CDATA[]]></remarque>
<ids>QCM7p3o4</ids><st></st><x>262</x><y>285</y><w>450</w><h>153</h><x2>15</x2><y2>285</y2><w2>450</w2><h2>153</h2><o>0</o><o2>0</o2><acl>0</acl><pp>0</pp><boite>check</boite><an>1</an><de>0</de><di>0</di><dedi>0</dedi><domaine>0</domaine>
<contenu2>51</contenu2>
<contenu3><![CDATA[Quelle est la plus vieille republique du monde ?]]></contenu3>
<contenu4><![CDATA[26]]></contenu4>
<contenu8>0</contenu8>
<o4>0</o4>
<text><![CDATA[*Saint-Marin;Paris;Lyon]]></text>
<color>#000000</color>
<border><![CDATA[#D8D8D8|White]]></border>
<selectcolor>#BCF5A9</selectcolor>
<ind>1</ind>
</bloc>
<bloc><type>text</type><fts>18</fts><fts2>18</fts2>
<ids></ids><st></st><x>262</x><y>180</y><w>450</w><h>100</h><x2>15</x2><y2>180</y2><w2>450</w2><h2>100</h2><o>0</o><o2>0</o2><acl>0</acl><pp>0</pp><an>1</an><de>0</de><di>0</di><dedi>0</dedi><text><![CDATA[<p>Quelle est la plus vieille republique du monde ?</p>]]></text><contentpath></contentpath><contentpathsecond></contentpathsecond><color>#000000</color><align>LeftCenter</align>
<css>border: solid 0px transparent;</css><ind>1</ind></bloc><bloc><type>text</type><fts>16</fts><fts2>16</fts2>
<ids></ids><st></st><x>262</x><y>466</y><w>300</w><h>50</h><x2>90</x2><y2>466</y2><w2>300</w2><h2>50</h2><o>0</o><o2>0</o2><acl>0</acl><pp>0</pp><an>1</an><de>0</de><di>0</di><dedi>0</dedi><text><![CDATA[<p>La r&eacute;ponse est Saint-Marin</p>]]></text><contentpath></contentpath><contentpathsecond></contentpathsecond><color>#000000</color><align>Justify</align>
<css>border: solid 0px #808080;</css><ind>1</ind></bloc><bloc>
<type>btncirculaire</type>
<url>data/page2.xml</url>
<fontsize>10</fontsize>
<ids></ids><st></st><x>798</x><y>574</y><w>100</w><h>100</h><x2>190</x2><y2>574</y2><w2>100</w2><h2>100</h2><o>0</o><o2>0</o2><acl>0</acl><pp>0</pp><boite>gray</boite><an>1</an><de>0</de><di>0</di><dedi>0</dedi><domaine>0</domaine>
<text><![CDATA[nextvalid]]></text><ind>3</ind>
</bloc>
</d>